PROGRAMA;ANUNCIANTE;FORMATO;ELENCO; CUSTO DE PRODUCAO ;CACHE EXTRA
Altas Horas;BITCOIN;Ação;Serginho Groisman e Cauê Fabiano;3330;
Altas Horas;BITCOIN;Ação;Serginho Groisman e Cauê Fabiano;3330;
Altas Horas;COCA COLA;Ação;Serginho Groisman e Lexa;3330;
Altas Horas;RIACHUELO;Ação;Serginho Groisman;5550;
Altas Horas;SPOTIFY;Ação;Serginho Groisman;8880;
Altas Horas;SPOTIFY;Ação;Serginho Groisman;8880;
Altas Horas;SPOTIFY;Ação;Serginho Groisman;8880;
Altas Horas;COCA COLA;Ação;Serginho Groisman;3330;
Altas Horas;COCA COLA;Ação;Serginho Groisman e Lexa;3330;
Altas Horas;UBER;Ação;Serginho Groisman;3330;
Altas Horas;BRASTEMP;Ação;Serginho Groisman e Felipe Andreoli;7400;
Altas Horas;NEOSALDINA;Ação;Serginho Groisman;4000;
Altas Horas;PEPSICO;Ação;Serginho Groisman;9000;
Altas Horas;SAMSUNG;Ação;Serginho_ Hebert Conceição e Diego (baterista);20000;20000
Altas Horas;NATURA;Ação;Serginho Groisman;11100;
Anota Aí;JEEP;Patrocínio;Titi Muller;32460;
Bastidores;COCA COLA;Ação;Dedé Teicher; -   ;
BBB A Eliminação;AVON;Patrocínio;Bruno de Luca e Vivian Amorim;11100;
BBB A Eliminação;AVON;Patrocínio;Bruno de Luca e Vivian Amorim;11100;
BBB A Eliminação;AVON;Patrocínio;Bruno de Luca e Vivian Amorim;11100;
BBB A Eliminação;AVON;Patrocínio;Bruno de Luca e Vivian Amorim;11100;
BBB A Eliminação;AVON;Patrocínio;Bruno de Luca e Vivian Amorim;11100;
BBB A Eliminação;ENGOV;Patrocínio;Bruno de Luca e Vivian Amorim;5550;
BBB A Eliminação;AVON;Patrocínio;Bruno de Luca e Vivian Amorim;11100;
BBB A Eliminação;AVON;Patrocínio;Bruno de Luca e Vivian Amorim;11100;
BBB A Eliminação;ENGOV;Patrocínio;Bruno de Luca e Vivian Amorim;5550;
BBB A Eliminação;AVON;Patrocínio;Bruno de Luca e Vivian Amorim;11100;
BBB A Eliminação;ENGOV;Patrocínio;Bruno de Luca e Vivian Amorim;5550;
BBB A Eliminação;AVON;Patrocínio;Bruno de Luca e Vivian Amorim;11100;
BBB A Eliminação;ENGOV;Patrocínio;Bruno de Luca e Vivian Amorim;5550;
BBB A Eliminação;AVON;Patrocínio;Bruno de Luca e Vivian Amorim;11100;
BBB A Eliminação;ENGOV;Patrocínio;Bruno de Luca e Vivian Amorim;5550;
BBB A Eliminação;AVON;Patrocínio;Bruno de Luca e Vivian Amorim;11100;
BBB A Eliminação;ENGOV;Patrocínio;Bruno de Luca e Vivian Amorim;5550;
BBB A Eliminação;AVON;Patrocínio;Bruno de Luca e Vivian Amorim;11100;
BBB A Eliminação;ENGOV;Patrocínio;Bruno de Luca e Vivian Amorim;5550;
BBB A Eliminação;AVON;Patrocínio;Bruno de Luca e Vivian Amorim;11100;
BBB A Eliminação;ENGOV;Patrocínio;Bruno de Luca e Vivian Amorim;5550;
Bem Estar;SANOFI AVENTIS;Ação;Michelle Loreto;3000;
Bem Estar;SANOFI AVENTIS;Ação;Michelle_ Fabricio_ Maria Candida;3000;
Bem Estar;NOVALGINA;Ação;Michelle Loreto;4000;
Bem Estar;NOVALGINA;Ação;Michelle Loreto;4000;
Bem Estar;VITASAY;Ação;Maria Cândida e Fabricio;4440;
Bem Estar;NOVALGINA;Ação;Michelle Loreto;4000;
Bem Estar;VITASAY 50;Ação;Michelle Loreto;4440;
Bem Estar;ACHEFARM;Ação;Michelle Loreto;4440;
Bem Estar;DORIL;Ação;Michelle Loreto;4440;
Bem Estar;ACHEFARM;Cross;Michelle Loreto;4440;
Bem Estar;NEUTROGENA;Ação;Valéria Almeida;4995;
Bem Estar;NEUTROGENA;Ação;Michelle Loreto ;4995;
Bem Estar;NEUTROGENA;Ação;Michelle Loreto ;4995;
Bem Estar;NEUTROGENA;Ação;Michelle Loreto ;4995;
Bem Estar;COLGATE;Ação;Michelle Loreto;8880;
Bem Estar;COLGATE;Ação;Michelle Loreto ;8880;
Bem Estar;MEDLEY;Ação;Michelle Loreto e Valéria Almeida;4400;
Bem Estar;MEDLEY;Cross;Michelle Loreto;4000;
Bem Estar;PLENITUD;Ação;Michelle Loreto ;3700;
Bem Estar;NEOSALDINA;Ação;Michelle Loreto ;4000;
Bem Estar;MOLICO;Ação;Michelle Loreto;8000;
Bem Juntinhos;EISENBAHN;Patrocínio;Rodrigo Hilbert;6200;
Bem Juntinhos;EISENBAHN;Patrocínio;Rodrigo Hilbert; -   ;
Bem Juntinhos;EISENBAHN;Patrocínio;Rodrigo Hilbert; -   ;
Big Brother Brasil;AMERICANAS;Patrocínio;Tiago Leifert;388500;
Big Brother Brasil;AVON;Patrocínio;Tiago Leifert;177600;
Big Brother Brasil;PICPAY;Ação;Iza ;350000;
Big Brother Brasil;PICPAY;Visualização;NA;80000;
Big Brother Brasil;BASTON;Patrocínio;Tiago Leifert;333000;
Big Brother Brasil;PICPAY;Ação;Ana Clara ;113200;
Big Brother Brasil;CA MODAS;Patrocínio;Tiago Leifert;144300;
Big Brother Brasil;COCA COLA;Ação;Tiago Leifert;150017;
Big Brother Brasil;AMERICANAS;Ação;Tiago Leifert;122100;
Big Brother Brasil;MC DONALD S;Patrocínio;Tiago Leifert;333000;
Big Brother Brasil;MC DONALD S;Ação;Tiago Leifert;5550;
Big Brother Brasil;AMERICANAS;Patrocínio;Tiago Leifert;92500;
Big Brother Brasil;AVON;Patrocínio;Tiago Leifert;244200;
Big Brother Brasil;PICPAY;Ação;NA;111000;
Big Brother Brasil;AMERICANAS;Patrocínio;Tiago Leifert;122100;
Big Brother Brasil;COCA COLA;Patrocínio;Tiago Leifert;366618;
Big Brother Brasil;PICPAY;Ação;Ana Clara ;344100;
Big Brother Brasil;CERVEJARIA HEINEKEN;Patrocínio;Tiago Leifert;444000;
Big Brother Brasil;AMERICANAS;Visualização;NA;55500;
Big Brother Brasil;PICPAY;Ação;NA;44400;
Big Brother Brasil;CA MODAS;Patrocínio;Tiago Leifert;255300;
Big Brother Brasil;BASTON;Patrocínio;Tiago Leifert;488000;
Big Brother Brasil;AMERICANAS;Patrocínio;Tiago Leifert;330000;
Big Brother Brasil;AVON;Patrocínio;Tiago Leifert;421800;
Big Brother Brasil;AMERICANAS;Patrocínio;Tiago Leifert;92500;
Big Brother Brasil;PANTENE;Patrocínio;Tiago Leifert;394050;
Big Brother Brasil;CA MODAS;Patrocínio;Tiago Leifert;366300;
Big Brother Brasil;AMERICANAS;Ação;Tiago Leifert _ Thiaguinho;943500;
Big Brother Brasil;AMERICANAS;Patrocínio;Tiago Leifert;92500;
Big Brother Brasil;CA MODAS;Ação;Tiago ; -   ;
Big Brother Brasil;PICPAY;Ação;Ana Clara ;88800;
Big Brother Brasil;AMERICANAS;Patrocínio;Tiago Leifert;532800;
Big Brother Brasil;CA MODAS;Patrocínio;Tiago leifert;867410;
Big Brother Brasil;AMERICANAS;Patrocínio;Tiago Leifert;55000;
Big Brother Brasil;FISK;Ação;Tiago Leifert;222000;
Big Brother Brasil;AVON;Patrocínio;Tiago Leifert _ Thelminha;133200;
Big Brother Brasil;AMERICANAS;Patrocínio;Tiago Leifert _ Ingrid Guimarães ;133200;
Big Brother Brasil;IFOOD;Ação;Tiago Leifert;11100;
Big Brother Brasil;AMERICANAS;Patrocínio;Tiago Leifert;55000;
Big Brother Brasil;PICPAY;Ação;Ana Clara ;33300;
Big Brother Brasil;SEARA;Patrocínio;Tiago Leifert;222000;
Big Brother Brasil;AMERICANAS;Patrocínio;Tiago Leifert;133200;
Big Brother Brasil;FIAT;Patrocínio;Tiago Leifert;502117;
Big Brother Brasil;ORGANNACT;Ação;Tiago Leifert;277500;
Big Brother Brasil;AMERICANAS;Patrocínio;Tiago Leifert;55000;
Big Brother Brasil;PICPAY;Visualização;NA;33300;
Big Brother Brasil;HOTEIS COM;Ação;Tiago Leifert;220000;
Big Brother Brasil;PICPAY;Ação;NA;33300;
Big Brother Brasil;CA MODAS;Patrocínio;Tiago Leifert;177600;
Big Brother Brasil;IFOOD;Ação;Tiago Leifert;44400;
Big Brother Brasil;AVON;Patrocínio;Tiago Leifert;421800;
Big Brother Brasil;AMERICANAS;Patrocínio;Tiago Leifert;55000;
Big Brother Brasil;BASTON;Patrocínio;Tiago Leifert;488400;
Big Brother Brasil;AMERICANAS;Patrocínio;Tiago Leifert;330000;
Big Brother Brasil;SAMSUNG;Ação;Tiago Leifert;188700;
Big Brother Brasil;PICPAY;Ação;NA;33300;
Big Brother Brasil;SEARA;Patrocínio;Tiago Leifert;155400;
Big Brother Brasil;IFOOD;Ação;Tiago Leifert;33300;
Big Brother Brasil;IFOOD;Ação;Tiago Leifert;8880;
Big Brother Brasil;CA MODAS;Patrocínio;Tiago Leifert;299700;
Big Brother Brasil;C E A;Patrocínio;Tiago Leifert;299700;
Big Brother Brasil;COCA COLA;Patrocínio;Tiago Leifert;393903;
Big Brother Brasil;FIAT;Patrocínio;Tiago Leifert;466200;
Big Brother Brasil;AMERICANAS;Patrocínio;Tiago Leifert;55000;
Big Brother Brasil;LOREAL;Ação;Tiago Leifert;199800;
Big Brother Brasil;PICPAY;Ação;NA;33300;
Big Brother Brasil;AMERICANAS;Patrocínio;Tiago Leifert;199800;
Big Brother Brasil;IFOOD;Ação;Tiago Leifert;8880;
Big Brother Brasil;SEARA;;Tiago Leifert;466000;
Big Brother Brasil;SEARA;;Tiago Leifert;466000;
Big Brother Brasil;PICPAY;Ação;Iza ;543900;
Big Brother Brasil;AMERICANAS;;Tiago Leifert;55000;
Big Brother Brasil;COCA COLA;Patrocínio;Tiago Leifert;166500;
Big Brother Brasil;ITATIAIA;Ação;Tiago Leifert;277500;
Big Brother Brasil;PICPAY;Ação;Ana Clara ;33300;
Big Brother Brasil;AMERICANAS;Ação;Tiago Leifert;166500;
Big Brother Brasil;IFOOD;Ação;Tiago Leifert;8880;
Big Brother Brasil;AMERICANAS;Ação;Tiago Leifert;388500;
Big Brother Brasil;LOREAL;Ação;Tiago Leifert;444000;
Big Brother Brasil;AMERICANAS;Ação;Tiago Leifert;50000;
Big Brother Brasil;AVON;Ação;Tiago Leifert;455100;
Big Brother Brasil;COCA COLA;Patrocínio;Tiago Leifert;166500;
Big Brother Brasil;PICPAY;Ação;Ana Clara ;33300;
Big Brother Brasil;AMERICANAS;Ação;Tiago Leifert;199800;
Big Brother Brasil;CERVEJARIA HEINEKEN;Patrocínio;Tiago Leifert;427350;
Big Brother Brasil;IFOOD;Ação;Tiago Leifert;8880;
Big Brother Brasil;SEARA;Ação;Tiago Leifert;155400;
Big Brother Brasil;BASTON;Patrocínio;Tiago Leifert;233100;
Big Brother Brasil;IFOOD;Ação;Tiago Leifert;17760;
Big Brother Brasil;AMERICANAS;;Tiago Leifert;50000;
Big Brother Brasil;SEARA;Ação;Tiago Leifert;466000;
Big Brother Brasil;ORGANNACT;Ação;Tiago Leifert;88800;
Big Brother Brasil;CA MODAS;Ação;Tiago Leifert;233100;
Big Brother Brasil;PICPAY;Ação;Ana Clara;444000;
Big Brother Brasil;AMERICANAS;Ação;Tiago Leifert;122100;
Big Brother Brasil;SAMSUNG;Patrocínio;Tiago Leifert;344100;
Big Brother Brasil;IFOOD;Ação;Tiago Leifert;11100;
Big Brother Brasil;PIRAQUE;Ação;Tiago Leifert ;388500;
Big Brother Brasil;AVON;Ação;Tiago Leifert;444000;
Big Brother Brasil;FIAT;Patrocínio;Tiago Leifert;188700;
Big Brother Brasil;PICPAY;Ação;Iza ;88800;
Big Brother Brasil;AMERICANAS;Ação;Tiago Leifert;96570;
Caldeirão do Huck;MCCAIN;Ação;Luciano Huck;13875;
Caldeirão do Mion;SANTANDER;Ação;Marcos Mion;12000;
Caldeirão do Mion;SANTANDER;Ação;Marcos Mion;12000;
Caldeirão do Mion;SANTANDER;Ação;Marcos Mion;12000;
Caldeirão do Mion;SANTANDER;Ação;Marcos Mion;12000;
Caldeirão do Mion;ABOVE;Ação;Marcos Mion;13320;
Caldeirão do Mion;YPE;Ação;Marcos Mion;13320;
Caldeirão do Mion;YPE;Ação;Marcos Mion;13320;
Caldeirão do Mion;MAGAZINE LUIZA;Ação;Marcos Mion;13320;
Caldeirão do Mion;MAGAZINE LUIZA;Ação;Marcos Mion;13320;
Caldeirão do Mion;CHEETOS;Ação;Marcos Mion;13320;
Caldeirão do Mion;ELMA CHIPS;Ação;Marcos Mion;13320;
Caldeirão do Mion;SANTANDER;Ação;Marcos Mion;12000;
Caldeirão do Mion;SANTANDER;Ação;Marcos Mion;12000;
Caldeirão do Mion;SANTANDER;Ação;Marcos Mion;12000;
Caldeirão do Mion;SANTANDER;Ação;Marcos Mion;12000;
Caldeirão do Mion;YPE;Ação;Marcos Mion;13320;
Caldeirão do Mion;YPE;Ação;Marcos Mion;13320;
Caldeirão do Mion;YPE;Ação;Marcos Mion;13320;
Caldeirão do Mion;YPE;Ação;Marcos Mion;13320;
Caldeirão do Mion;YPE;Ação;Marcos Mion;13320;
Caldeirão do Mion;YPE;Ação;Marcos Mion;13320;
Caldeirão do Mion;YPE;Ação;Marcos Mion;13320;
Caldeirão do Mion;KWAI;Ação;Marcos Mion;13320;
Caldeirão do Mion;KWAI;Ação;Marcos Mion;13320;
Caldeirão do Mion;KWAI;Ação;Marcos Mion;13320;
Caldeirão do Mion;KWAI;Ação;Marcos Mion;13320;
Caldeirão do Mion;KWAI;Ação;Marcos Mion;13320;
Caldeirão do Mion;LABORATORIOS PFIZER;Ação;Marcos Mion;13320;
Caldeirão do Mion;GILLETTE;Ação;Marcos Mion;13320;
Caldeirão do Mion;AZUL;ação;Marcos Mion;13320;
Caldeirão do Mion;LEROY MERLIN;Ação;Marcos Mion;13320;
Caldeirão do Mion;SANTANDER;Ação;Marcos Mion;12000;
Caldeirão do Mion;SANTANDER;Ação;Marcos Mion;12000;
Caldeirão do Mion;SANTANDER;Ação;Marcos Mion;12000;
Caldeirão do Mion;SANTANDER;Ação;Marcos Mion;12000;
Camarote Brahma Em Casa;BRAHMA;Patrocínio;Ivete Sangalo e Claudia Leite; -   ;
Camarote Brahma Em Casa;BRAHMA;Patrocínio;Ivete Sangalo e Claudia Leite; -   ;
Conversa com Bial;BITCOIN;Ação;Pedro Bial;3000;
Conversa com Bial;POKERSTARS NET;Ação;Pedro Bial;2500;
Cozinha Prática;NADIR FIGUEIREDO;Ação;Rita Lobo; -   ;
Cozinha Prática;OXFORD;Ação;Rita Lobo;6200;
Domingão do Faustão;IFOOD;Ação;Carol Amaral e Nathalia Ramos;4000;
Domingão do Faustão;EMS;Ação;Thayna Cupertino e Yasmin Marinho;4000;
Domingão do Faustão;EMS;Ação;Natalia Zanin e Beatriz Larrat;4000;
Domingão do Faustão;CASAS BAHIA;Ação;Mayara Araujo e Fran Pimenta;4000;
Domingão do Faustão;MAGAZINE LUIZA;Patrocínio;Mariana Santos e Élcio Bonazzi_ Maria Joana e Marcus Viana_ Sophia Abrahão e Zazá Ferrer_ Paolla Oliveira e Leandro Azevedo_ Claudia Ohana e Heron Leal_ Odilon Wagner e Yasmin Marinho_ Rodrigo Simas e Nathalia Ramos_ Arthur Aguiar e Tati Scarletti_ Marcel;365000;
Domingão do Faustão;EMS;Ação;Jaque Ciocci e Nahalia Ramos;5550;
Domingão do Faustão;BMG;Ação;Jaque Ciocci e Nathalia Ramos;21667;
Domingão do Faustão;EMS;Ação;Thayna Cupertino e Nathalia Zanin;4440;
Domingão do Faustão;BMG;Ação;Tati Scarletti e Beatriz Larrat;7215;
Domingão do Faustão;TIKTOK;Ação;Tiago Leifert_ Tati Scarletti e Nathalia Ramos;4440;
Domingão do Faustão;TIKTOK;Ação;Tiago Leifert;7770;
Domingão do Faustão;TIKTOK;Ação;Tiago Leifert;7770;
Domingão do Faustão;MAGAZINE LUIZA;Ação;Tiago Leifert;9498;
Domingão do Faustão;DOWNY;Ação;Tiago Leifert;3330;
Domingão do Faustão;MAGAZINE LUIZA;Ação;Tiago Leifert ;6660;
Domingão do Faustão;DOWNY;Ação;Tiago Leifert ;3330;
Domingão do Faustão;EMS;Ação;Dani Calabresa;9000;
Domingão do Faustão;CLARO;Ação;Tiago Leifert / Tata Werneck;7770;300000
Domingão do Huck;MAGAZINE LUIZA;Patrocínio;Luciano Huck;5550;
Domingão do Huck;MAGAZINE LUIZA;Ação;Luciano Huck;11100;
Domingão do Huck;EMS;Ação;Luciano Huck;5550;
Domingão do Huck;PAN;Ação;Luciano Huck;11110;
Domingão do Huck;PAN;Ação;Luciano Huck;33300;
Domingão do Huck;MAGAZINE LUIZA;Patrocínio;Luciano Huck; -   ;
Domingão do Huck;MAGAZINE LUIZA;Ação;Luciano Huck;11100;
Domingão do Huck;PAN;Ação;Luciano Huck;33300;
Domingão do Huck;MAGAZINE LUIZA;Ação;Luciano Huck;11100;
Domingão do Huck;MAGAZINE LUIZA;Patrocínio;Luciano Huck; -   ;
Domingão do Huck;HONDA;Ação;Luciano Huck e Leo Souza;16650;
Domingão do Huck;PAN;Ação;Luciano Huck;11100;
Domingão do Huck;MAGAZINE LUIZA;Patrocínio;Luciano Huck;5550;
Domingão do Huck;MAGAZINE LUIZA;Ação;Luciano Huck; -   ;
Domingão do Huck;MAGAZINE LUIZA;Patrocínio;Luciano Huck;5000;
Domingão do Huck;PAN;Ação;Luciano Huck;11100;
Domingão do Huck;MAGAZINE LUIZA;Ação;Luciano Huck;11100;
Domingão do Huck;EMS;Ação;Luciano Huck e Leo Souza;44400;
Domingão do Huck;PAN;Ação;Luciano Huck;11100;
Domingão do Huck;MAGAZINE LUIZA;Ação;Luciano Huck;11100;
Domingão do Huck;MAGAZINE LUIZA;Patrocínio;Luciano Huck; -   ;
Domingão do Huck;PAN;Ação;Luciano Huck;11100;
Domingão do Huck;MAGAZINE LUIZA;Ação;Luciano Huck;11100;
Domingão do Huck;EMS;Ação;Luciano Huck;8880;
Domingão do Huck;PETLOVE;Ação;Luciano Huck;11100;
Domingão do Huck;BOTICARIO;Ação;Luciano Huck;20000;
Domingão do Huck;MAGAZINE LUIZA;Patrocínio;Luciano Huck; -   ;
Domingão do Huck;PAN;Ação;Luciano Huck;40000;
Domingão do Huck;MAGAZINE LUIZA;Ação;Luciano Huck;11100;
Domingão do Huck;BOTICARIO;Ação;Luciano Huck;64925;
Domingão do Huck;EMS;Ação;Luciano Huck e Leo Souza;8000;
Domingão do Huck;MOURA;Ação;Luciano Huck; -   ;
Domingão do Huck;MAGAZINE LUIZA;Patrocínio;Luciano Huck;5500;
É de casa;ITATIAIA;Ação;Ana Furtado;99295;
É de casa;LABORATORIOS SABIN;Ação;Patrícia Poeta;2220;
É de casa;STONE;Ação;Patrícia Poeta e Talitha Morete;2220;
É de casa;ITATIAIA;Ação;Ana Furtado; -   ;
É de casa;AMAZON;Ação;Patrícia Poeta_ Manoel Soares e Talitha Morete (VT);33300;
É de casa;SADIA;Ação;Manoel Soares_ Cissa_ Ana Furtado e Patrícia;5550;
É de casa;STONE;Ação;Patrícia Poeta_ Manoel Soares e Luiza Zveiter (VT);5550;
É de casa;NINHO;Ação;Patrícia Poeta;3330;
É de casa;PREZUNIC;Ação;Ana Furtado;2220;
É de Casa;ZOETIS;Ação;Patrícia Poeta e Luiza Zveiter (VT);16650;
É de casa;SEBRAE;Ação;Patrícia Poeta e Talitha Morete (VT);2220;
É de casa;LYSOL;Ação;Manoel Soares;16650;
É de casa;BRILUX;Ação;Ana Furtado;2220;
É de casa;SEBRAE;Ação;Patrícia Poeta e Talitha Morete (VT);2220;
É de casa;AMAZON;Ação;Ana Furtado_ Cissa Guimarês e Talitha Morete (VT);33300;
É de casa;BEM BRASIL;Ação;Patrícia Poeta;2220;
É de casa;HUGGIES;Ação;Cissa Guimarães e Manoel Soares;2220;
É de Casa;AMAZON;Ação;Ana Furtado_ Cissa Guimarês e Talitha Morete (VT);33300;
É de casa;SEBRAE;Ação;Patrícia Poeta e Talitha Morete (VT);2220;
É de casa;SADIA;Patrocínio;Ana Furtado_ Cissa Guimarães e Manoel Soares;5550;
É de casa;VEJA;Ação;Manoel Soares;5550;
É de casa;SEBRAE;Ação;Patrícia Poeta_ Cissa Guimarães e Talitha Morete (VT);2220;
É de casa;YPE;Ação;Ana Furtado;2220;
É de casa;SERASA;Ação;Ana Furtado e Manoel Soares;5550;
É de casa;IFOOD;Ação;Ana Furtado e Manoel Soares;2220;
É de casa;UBER;Ação;Ana Furtado e Patrícia Poeta;2220;
É de casa;YPE;Ação;Ana Furtado e Manoel Soares;2220;
É de casa;BANCO DO BRASIL SEGUROS;Ação;Manoel Soares e Talitha Morete;2220;
É de casa;CVC;Ação;Manoel Soares e Cissa Guimarães;2220;
É de casa;YPE;Ação;Patrícia Poeta e Talitha Morete;2220;
É de casa;CVC;Ação;Manoel Soares e Talitha Morete;2220;
É de casa;YPE;Ação;Cissa Guimarães e Talitha Morete;2220;
É de casa;BRITANIA ;Ação;Manoel Soares e Cissa Guimarães;3330;
É de casa;ARNO;Ação;André Marques e Talitha Morete;3330;
Encontro;VEJA;Ação;Fátima Bernardes;3300;
Encontro;MOLICO;Ação;Fátima Bernardes;5550;
Encontro;PANTENE;Ação;Fátima Bernardes;5550;
Encontro;TENA;Ação;Patrícia Poeta;3330;
Encontro;TENA;Ação;Patrícia Poeta;3330;
Encontro;TENA;Ação;Patrícia Poeta;3330;
Encontro;PANTENE;Ação;Patrícia Poeta;5550;
Encontro;BANCO DO BRASIL;Ação;Patrícia Poeta;27750;
Encontro;PANTENE;Ação;Patricia Poeta;5550;
Encontro;BANCO DO BRASIL;Ação;Patrícia Poeta;27750;
Encontro;BEYOUNG;Ação;Patricia Poeta;6660;
Encontro;BYJU'S;Ação;Fátima Bernardes;4440;
Encontro;AMERICANAS;Ação;Fátima Bernardes e Mona Lisa Duperron ;2220;
Encontro;AMERICANAS;Ação;Fátima Bernardes e André Curvello;2220;
Encontro;AMERICANAS;Ação;Fátima Bernardes e Tati Machado;2220;
Encontro;VICK VAPORUB;Ação;Fátima Bernardes;5550;
Encontro;AMERICANAS;Ação;Fátima Bernardes;2220;
Encontro;AMERICANAS;Ação;Fátima Bernardes;2220;
Encontro;BRITANIA;Ação;Fátima Bernardes;3330;
Encontro;LACTA;Ação;Fátima Bernardes_ André Curvello e Mona Lisa Duperron;4440;
Encontro;BRADESCO SEGUROS;Ação;Fátima Bernardes;2220;
Encontro;SEARA;Patrocínio;Fátima Bernardes;8880;
Encontro;AMERICANAS;Ação;Fátima Bernardes;2220;
Encontro;RENNER;Ação;Fátima Bernardes e Tati Machado;4440;
Encontro;SEARA;Patrocínio;Fátima Bernardes;8880;
Encontro;PAMPERS CONFORT SEC;Ação;Fátima Bernardes;2220;
Encontro;AMERICANAS;Ação;Fátima Bernardes;2220;
Encontro;VICK VAPORUB;Ação;Fátima Bernardes;5550;
Encontro;AMERICANAS;Ação;Fátima Bernardes;2220;
Encontro;PROCTER;Ação;Fátima Bernardes;2220;
Encontro;SEARA;Patrocínio;Fátima Bernardes _ Apresentador BEST;3330;
Encontro;AMERICANAS;Ação;Fátima Bernardes;2220;
Encontro;SEARA;Patrocínio;Fátima Bernardes;8880;
Encontro;RENNER;Ação;Fátima Bernardes e Tati Machado;4440;
Encontro;SEARA;Patrocínio;Patrícia Poeta;3330;
Encontro;OI;Ação;Fátima Bernardes;2220;
Encontro;RENNER;Ação;Fátima Bernardes;4440;
Encontro;AMERICANAS;Ação;Fátima Bernardes;2220;
Encontro;VICK 44 E;Ação;Fátima Bernardes;2220;
Encontro;SERASA;Ação;Fátima Bernardes;2220;
Encontro;DOVE;Ação;Fátima Bernardes;2220;
Encontro;AMERICANAS;Ação;Fátima Bernardes e Curvello;2220;
Encontro;FLOGORAL;Ação;Fátima Bernardes;2220;
Encontro;RENNER;Ação;Fátima_ Monalisa e Curvello;4440;
Encontro;OI;Ação;Fátima Bernardes;2220;
Encontro;AMERICANAS;Ação;Fátima Bernardes;2220;
Encontro;AMERICANAS;Ação;Fátima Bernardes;2220;
Encontro;RENNER;Ação;Fátima Bernardes e Tati Machado;4440;
Encontro;PROCTER;Ação;Fátima Bernardes;2220;
Encontro;ZOETIS;Ação;Fátima Bernardes;16650;
Encontro;LYSOL;Ação;Fátima Bernardes e Mona Lisa Duperron;22220;
Encontro;VEJA;Ação;Fátima Bernardes;6660;
Encontro;BENEGRIP;Ação;Fátima Bernardes;2220;
Encontro;SHOPTIME;Ação;Fátima Bernardes;2220;
Encontro;SHOPTIME;Ação;Fátima Bernardes;2220;
Encontro;AMERICANAS;Ação;Fátima Bernardes;2220;
Encontro;EXTRA;Ação;Fátima Bernardes;2220;
Encontro;NINHO;Ação;Fátima Bernardes;3330;
Encontro;AMERICANAS;Ação;Fátima Bernardes e André Curvello;2220;
Encontro;STONE;Ação;Fátima Bernardes;2220;
Encontro;SERASA;Ação;Fátima Bernardes;2220;
Encontro;AMERICANAS;Ação;Fátima Bernardes;2220;
Encontro;RENNER;Ação;Fátima Bernardes;4440;
Encontro;VEJA;Ação;Fátima Bernardes;6660;
Encontro;EXTRA;Ação;Fátima Bernardes;2220;
Encontro;BANCO ORIGINAL;Ação;Fátima Bernardes;2220;
Encontro;BANCO ORIGINAL;Ação;Fátima Bernardes;2220;
Encontro;AMERICANAS;Ação;Fátima Bernardes ;2220;
Encontro;AMERICANAS;Ação;Fátima Bernardes ;3330;
Imperio;coca cola;Break Contextualizado;Alexandre Nero;647523;
Imperio;ITAIPAVA;Visualização;Jackson Antunes e Roberto Bonfim;196237;
Imperio;ITAIPAVA;Visualização;Sem elenco; -   ;
Imperio;ITAIPAVA;Visualização;Jackson Antunes_ Roberto Bonfim e Roberto Birindelli; -   ;
Imperio;ITAIPAVA;Visualização;Roberto Bonfim; -   ;
Imperio;ITAIPAVA;Visualização;Ailton Graça e Viviane Araujo; -   ;
Imperio;ITAIPAVA;Visualização;Sem elenco; -   ;
Imperio;ITAIPAVA;Visualização;Sem elenco; -   ;
Imperio;ITAIPAVA;Visualização;Jackson Antunes_ Roberto Bonfim e Lidi Lisboa; -   ;
Imperio;ITAIPAVA;Visualização;Sem elenco; -   ;
Live Orgulho Multishow;HEINEKEN;Ação;Gil _ Pepita;6200;
Mais Você;C E A;Ação;Ana Maria Braga;4163;
Mais Você;C E A;Ação;Ana Maria Braga;4163;
Mais Você;COMFORT;Ação;Ana Maria Braga;3330;
Mais Você;C E A;Ação;Ana Maria Braga;4163;
Mais Você;CVC;Ação;Ana Maria Braga;4000;
Mais Você;AMERICANAS;Ação;Ana Maria Braga;2775;
Mais Você;C E A;Ação;Ana Maria Braga;4163;
Mais Você;OMO;Ação;Ana Maria Braga; -   ;
Mais Você;AMERICANAS;Ação;Ana Maria Braga;2775;
Mais Você;PROTEX;Ação;Ana Maria Braga;3330;
Mais Você;EXTRA;Ação;Ana Maria Braga;3330;
Mais Você;OMO;Ação;Ana Maria Braga; -   ;
Mais Você;GUARANA;Ação;Ana Maria Braga;4995;
Mais Você;PAGBANK;Ação;Ana Maria Braga;3330;
Mais Você;NINHO;Ação;Ana Maria Braga;4440;
Mais Você;BRAVECTO;Ação;Ana Maria Braga;3330;
Mais Você;SAZON;Ação;Ana Maria Braga e Talitha Morete;5778;
Mais Você;SUL AMERICA;Ação;Ana Maria Braga e Luiza Zveiter;6660;
Mais Você;CVC;Ação;Ana Maria Braga;4000;
Mais Você;AMERICANAS;Ação;Ana Maria Braga;2775;
Mais Você;PAGBANK;Ação;Ana Maria Braga;3330;
Mais Você;LYSOL;Ação;Ana Maria Braga;5550;
Mais Você;SAZON;Ação;Ana Maria Braga e Talitha Morete;5778;
Mais Você;INTUIT;Ação;Ana Maria Braga;3885;
Mais Você;PAGBANK;Ação;Ana Maria Braga;3330;
Mais Você;OI;Ação;Ana Maria Braga;2220;
Mais Você;AMERICANAS;Ação;Ana Maria Braga;2775;
Mais Você;CVC;Ação;Ana Maria Braga;4000;
Mais Você;BRAVECTO;Ação;Ana Maria Braga;6660;
Mais Você;INTUIT;Ação;Ana Maria Braga;3885;
Mais Você;AMERICANAS;Ação;Ana Maria Braga;2775;
Mais Você;SAZON;Ação;Ana Maria Braga e Talitha Morete;7444;
Mais Você;SERASA;Ação;Ana Maria Braga;3330;
Mais Você;AMERICANAS;Ação;Ana Maria Braga;2775;
Mais Você;PAGBANK;Ação;Ana Maria Braga;3330;
Mais Você;RIACHUELO;Ação;Ana Maria Braga;5550;
Mais Você;CVC;Ação;Ana Maria Braga;4000;
Mais Você;OI;Ação;Ana Maria Braga;2220;
Mais Você;BRAVECTO;Ação;Ana Maria Braga;6660;
Mais Você;AMERICANAS;Ação;Ana Maria Braga;2775;
Mais Você;PAGSEGURO;Ação;Ana Maria Braga;3330;
Mais Você;BRAVECTO;Ação;Ana Maria Braga;6660;
Mais Você;AMERICANAS;Ação;Ana Maria Braga;2775;
Mais Você;PORTO SEGURO;Ação;Ana Maria Braga;2220;
Mais Você;123 MILHAS;Ação;Ana Maria Braga;3700;
Mais Você;ADIMAX;Ação;Ana Maria Braga;4440;
Mais Você;PAGSEGURO;Ação;Ana Maria Braga;3330;
Mais Você;BRAVECTO;Ação;Ana Maria Braga;8880;
Mais Você;AMERICANAS;Ação;Ana Maria Braga;2775;
Mais Você;PAGSEGURO;Ação;Ana Maria Braga;3330;
Mais Você;AMERICANAS;Ação;Ana Maria Braga;2775;
Mais Você;123 MILHAS;Ação;Ana Maria Braga;3700;
Mais Você;AMERICANAS;Ação;Ana Maria Braga;2775;
Mais Você;UBER;Ação;Ana Maria Braga;3330;
Mais Você;AMERICANAS;Ação;Ana Maria Braga;2775;
Mais Você;123 MILHAS;Ação;Ana Maria Braga;3700;
Mais Você;PAGSEGURO;Ação;Ana Maria Braga;3330;
Mais Você;ADIMAX;Ação;Ana Maria Braga;4440;
Mais Você;AMERICANAS;Ação;Ana Maria Braga;2775;
Mais Você;PAGSEGURO;Ação;Talitha Morete;3330;
Mais Você;123 MILHAS;Ação;Fabrício Battaglini;3330;
Mais Você;AMERICANAS;Ação;Fabrício Battaglini;2775;
Mais Você;DOWNY;Patrocínio;Fabrício Battaglini_ Talitha Morete e Gil do Vigor;3885;
Mais Você;PAGSEGURO;Ação;Fabrício Battaglini;3330;
Mais Você;AMERICANAS;Ação;Talitha Morete;2775;
Mais Você;DOWNY;Patrocínio;Fabrício Battaglini_ Talitha Morete e Gil do Vigor;3885;
Mais Você;AMERICANAS;Ação;Talitha Morete;2775;
Mais Você;DOWNY;Patrocínio;Fabrício Battaglini_ Talitha Morete e Gil do Vigor;4995;
Mais Você;123 MILHAS;Ação;Fabrício Battaglini;3330;
Mais Você;PAGSEGURO;Ação;Ana Maria Braga;3330;
Mais Você;AMERICANAS;Ação;Ana Maria Braga;2775;
Mais Você;DOWNY;Patrocínio;Ana Maria Braga e Gil do Vigor;3885;
Mais Você;123 MILHAS;Ação;Ana Maria Braga;3330;
Mais Você;RIACHUELO;Ação;Ana Maria Braga e Ivo Madoglio (VT);14652;
Mais Você;DISNEY;Ação;Ana Maria Braga;19092;
Mais Você;AMERICANAS;Ação;Ana Maria Braga;2775;
Mais Você;PAGSEGURO;Ação;Talitha Morete;3330;
Mais Você;123 MILHAS;Ação;Fabrício Battaglini;3330;
Mais Você;AMERICANAS;Ação;Ana Maria Braga;2775;
Mais Você;ADIMAX;Ação;Ana Maria Braga;3330;
Mais Você;123 MILHAS;Ação;Ana Maria Braga;3330;
Mais Você;AMERICANAS;Ação;Ana Maria Braga;2775;
Mais Você;MEDLEY;Ação;Ana Maria Braga;3330;
Mais Você;DOWNY;Ação;Ana Maria Braga;5550;
Mais Você;PAGSEGURO;Ação;Ana Maria Braga;3330;
Mais Você;AMERICANAS;Ação;Ana Maria Braga;2775;
Mais Você;DOWNY;Ação;Ana Maria Braga;3330;
Mais Você;AMERICANAS;Ação;Ana Maria Braga;2775;
Mais Você;RIACHUELO;;Ana Maria Braga;4440;
Mais Você;AMERICANAS;Ação;Ana Maria Braga;2775;
Mais Você;ROMMANEL;Ação;Ana Maria Braga;3330;
Mais Você;PLENITUD;Ação;Ana Maria Braga;6660;
Mais Você;123 MILHAS;Ação;Ana Maria Braga;3330;
Mais Você;FORNO DE MINAS;Ação;Ana Maria Braga;5550;
Mais Você;PAGSEGURO;Ação;Ana Maria Braga;3330;
Mais Você;ADIMAX;Ação;Ana Maria Braga;3330;
Mais Você;CONSUL;Ação;Ana Maria Braga;5328;
Mais Você;COLGATE;Ação;Ana Maria Braga;21090;
Mais Você;COMFORT;Ação;Ana Maria Braga;3330;
Mais Você;CONSUL;Ação;Ana Maria Braga;5328;
Mais Você;123 MILHAS;Ação;Ana Maria Braga;3330;
Mais Você;GUARANA;Ação;Ana Maria Braga;3330;
Mais Você;PAGSEGURO;Ação;Ana Maria Braga;3330;
Mais Você;PLENITUD;Ação;Ana Maria Braga;3330;
Mais Você;COLGATE;Ação;Ana Maria Braga;3330;
Mais Você;AMERICANAS;Ação;Ana Maria Braga;2775;
Mais Você;CONSUL;Ação;Ana Maria Braga;5328;
Mais Você;SERASA;Ação;Ana _ Gil;3330;
Mais Você;SKY;Ação;Ana Maria Braga;3330;
Mais Você;PAGSEGURO;Ação;Ana Maria Braga;3330;
Mais Você;ABRADIF;Ação;Ana Maria Braga;3330;
Mais Você;123 MILHAS;Ação;Ana Maria Braga;3330;
Mais Você;AMERICANAS;Ação;Ana Maria Braga;2775;
Mais Você;RIACHUELO;Ação;Ana Maria Braga;3330;
Mais Você;SKY;Ação;Ana Maria Braga;3330;
Mais Você;GUARANA;Ação;Ana Maria Braga;8325;
Mais Você;AMERICANAS;Ação;Ana Maria Braga;2775;
Mais Você;123 MILHAS;Ação;Ana Maria Braga;3330;
Mais Você;AMERICANAS;Ação;Ana Maria Braga;2775;
Mais Você;ADIMAX;Ação;Ana Maria Braga;3330;
Mais Você;PAGSEGURO;Ação;Ana Maria Braga;3330;
Mais Você;MEDLEY;Ação;Ana Maria Braga;3330;
Mais Você;PAGSEGURO;ação;Ana Maria Braga; -   ;
Mais Você;123 MILHAS;Ação;Ana Maria Braga;3330;
Mais Você;YPE;Ação;Ana Maria Braga;6383;
Mais Você;PAGSEGURO;Ação;Ana Maria Braga;3330;
Mais Você;AMERICANAS;Ação;Ana Maria Braga;2775;
Mais Você;SKY;Ação;Ana Maria Braga;3330;
Mais Você;123 MILHAS;Ação;Ana Maria Braga;3330;
Mais Você;PAGSEGURO;Ação;Ana Maria Braga;3330;
Mais Você;AMERICANAS;Ação;Ana Maria Braga;2775;
Mais Você;YPE;Ação;Ana Maria Braga;6383;
Mais Você;SERASA;Ação;Ana Maria Braga _ Gil do Vigor;3330;
Mais Você;PAGSEGURO;Ação;Ana Maria Braga;3330;
Mais Você;AMERICANAS;Ação;Ana Maria Braga;2775;
Mais Você;123 MILHAS;Ação;Ana Maria Braga;3330;
Mais Você;NOVO NORDISK;Ação;Ana Maria Braga;7659;
Mais Você;SADIA;Ação;Ana Maria Braga;1665;
Mais Você;ADIMAX;Ação;Ana Maria Braga;3330;
Mais Você;SAZON;Ação;Ana Maria Braga;3330;
Mais Você;BURGER KING;Ação;Ana Maria Braga e Ju Massaoka;3330;
Mais Você;123 MILHAS;Ação;Ana Maria Braga;3330;
Mais Você;PAGSEGURO;Ação;Ana Maria Braga;3330;
Mais Você;KWAI;Ação;Ana Maria Braga e Ju Massaoka;16000;
Mais Você;AMERICANAS;Ação;Ana Maria Braga;3330;
Mais Você;123 MILHAS;Ação;Talitha Moretti e Fabricio;3330;
Mais Você;AMERICANAS;Ação;Talitha Moretti e Fabricio;3330;
Mais Você;PAGSEGURO;Ação;Thalita Morete;3330;
Mais Você;PAGSEGURO;Ação;Ana Maria Braga;3330;
Mais Você;123 MILHAS;Ação;Ana Maria Braga;3330;
Mais Você;SKY;Ação;Ana Maria Braga;4330;
Mais Você;ROMMANEL;Ação;Ana Maria Braga;3330;
Mais Você;YPE;Ação;Ana Maria Braga ;6383;
Mais Você;KWAI;Ação;Ana Maria Braga e Ju Massaoka;16000;
Mais Você;OTICAS DINIZ;Ação;Ana Maria Braga;7104;
Mais Você;SADIA;Ação;Ana Maria Braga;40100;
Mais Você;PAGSEGURO;Ação;Talitha Morete;3330;
Mais Você;123 MILHAS;Ação;Talitha Morete e Fabrício Battaglini;3330;
Mais Você;KWAI;Ação; Ju Massaoka_ Talita Morete e Fabricio Bataglini;16000;
Mais Você;AMERICANAS;Ação;fabricio Bataglini e Talita Morete;3330;
Mais Você;YPE;Ação;Fabricio Bataglini e Talita Morete;6383;
Mestre do Sabor;SEARA;Ação;Claude e Batista;60000;
Mestre do Sabor;SEARA;Ação;Claude e Batista;60000;
Mestre do Sabor;SEARA;Ação;Claude_ Batista e Monique;60000;
Mestre do Sabor;SEARA;Ação;Claude_ Batista e Monique;60000;
Mestre do Sabor;AMERICANAS;Ação;Monique e Rafa;29600;
Mestre do Sabor;SEARA;Ação;Claude_ Batista e Monique;60000;
Mestre do Sabor;DELICIA;Ação;Claude e Batista;37000;
Mestre do Sabor;SEARA;Ação;Claude_ Batista e Monique. ;60000;
Mestre do Sabor;AMERICANAS;Ação;Monique e Leo;29600;
Mestre do Sabor;DELICIA;Ação;Claude e Batista;37000;
Mestre do Sabor;SEARA;Ação;Claude e Kátia;60000;
Mestre do Sabor;AMERICANAS;Ação;Claude e Batista;29600;
Mestre do Sabor;DELICIA;Ação;Claude e Batista;37000;
Mestre do Sabor;SEARA;Ação;Claude_ Monique e Batista;60000;
Mestre do Sabor;DELICIA;Ação;Claude e Batista;37000;
Mestre do Sabor;NATURA;Ação;Monique;43290;
Mestre do Sabor;SEARA;Ação;Claude_ Batista e Monique;60000;
Mestre do Sabor;DELICIA;Ação;Claude e Batista;37000;
Mestre do Sabor;SEARA;Ação;Claude e Rafa;60000;
Mestre do Sabor;AMERICANAS;Ação;Claude e Katia;66600;
Mestre do Sabor;SEARA;Ação;Claude_ Batista e Monique;60000;
Mestre do Sabor;DELICIA;Ação;Claude e Batista;37000;
Mestre do Sabor;SEARA;Ação;Claude ;60000;
No limite;ITAU;Ação;ANDRÉ MARQUES;133200;
No limite;AMAZON;Ação;ANDRÉ MARQUES;133200;
No limite;SKOL;Ação;ANDRÉ MARQUES;133200;
No limite;REXONA;Ação;ANDRÉ MARQUES;160950;
No limite;ITAU;Ação;ANDRÉ MARQUES;133200;
No limite;SKOL;Ação;ANDRÉ MARQUES;133200;
No limite;HOTEIS COM;Ação;ANDRÉ MARQUES;133200;
No limite;REXONA;Ação;ANDRÉ MARQUES;160950;
No limite;HYPERA PHARMA;Ação;ANDRÉ MARQUES;133200;
No limite;IFOOD;Ação;ANDRÉ MARQUES;133200;
No limite;HYPERA PHARMA;Ação;ANDRÉ MARQUES;133200;
No limite;ITAU;Ação;ANDRÉ MARQUES;133200;
No limite;HOTEIS COM;Ação;ANDRÉ MARQUES;133200;
No limite;REXONA;Ação;ANDRÉ MARQUES;160950;
No limite;SKOL;Ação;ANDRÉ MARQUES;133200;
No limite;CLARO;Ação;ANDRÉ MARQUES;133200;
No limite;REXONA;Ação;ANDRÉ MARQUES;277500;
No limite;VISUALIZAÇÃO _ AÇÂO ;Ação ;RAFAEL INFANTI ;5550;
O Reality Que Eu Vivo;SKOL;Patrocínio;Rafael Infante;355200;
O Trio (Ivete_ Claudia E Você);KOLESTON;Patrocínio;Ivete Sangalo e Claudia Leite; -   ;
O Trio (Ivete_ Claudia E Você);MCCAIN;Patrocínio;Ivete Sangalo e Claudia Leite; -   ;
O Trio (Ivete_ Claudia E Você);RIACHUELO;Patrocínio;Ivete Sangalo e Claudia Leite; -   ;
ORÇAMENTO;GM;Ação;Stephanie Ribeiro;1392306;399600
ORÇAMENTO;FORD;Ação;Rodrigo Hilbert;195243;
ORÇAMENTO;VOLVO;Ação;João Vicente;71933;250000
ORÇAMENTO;PRUDENTIAL;AÇÃO;Astrid/Fabio Porchat/João Vicente/Emicida/Bosco;340600;815000
ORÇAMENTO;WESTWING;Ação;Astrid/Pity/Monica e Gaby Amarantos;89022;182040
Papo De Segunda;HYPERA PHARMA;Ação;Emicida_ Porchat_ João Vicente e Chico Bosco;130980;
PRÊMIO SIM;LOREAL;Ação;Thelminha;6200;
Programete GNT;BRF;Break;Felipe Bronze;849184;
Programete GNT;BOTICARIO;Break;Pitty;111000;110000
QHEEP?;SPOTIFY;Ação;Fabio Porchat;121830;
QHEEP?;SPOTIFY;Ação;Fabio Porchat; -   ;
Que História É Essa Porchat;GM;Ação;Fábio Porchat;500000;945000
Que Marravilha!;IFOOD;Ação;Claude e Batista;6200;
Que Marravilha!;SEARA;Ação;Claude Troigros e Batista;63714;155400
Saia Justa;VEJA;Ação;Astrid_ Pitty_ Djamilla_ Gaby Amarantos e Veronica;86025;
Saia Justa;VEJA;Ação;Astrid_ Pitty_ Monica_ Gaby Amarantos e Rodrigo Pinto;73260;
Saia Justa;BRASTEMP;Ação;Astrid_ Pitty_ Monica_ Gaby Amarantos e Chico Bosco;73260;
Se Joga;IFOOD;Ação;Fernanda Gentil e Tati Machado;2220;
Se Joga;HAVAIANAS;Ação;Fernanda Gentil e Deborah Secco;60000;
Se Joga;EUDORA;Ação;Fernanda Gentil e Tati Machado;4440;
Se Joga;NINHO;Ação;Fernanda Gentil;3330;
Se Joga;GETNET;Ação;Fernanda Gentil;2220;
Se Joga;GETNET;Ação;Fernanda Gentil;2220;
Se Joga;IFOOD;Ação;Fernanda Gentil e Tati Machado;2220;
Talk Show Jojo Toddynho ;EMBELEZE;Patrocínio;Jojo Toddynho;11400;
Tempero de Família;EISENBAHN;Ação;Rodrigo Hilbert;6200;
The Masked Singer;ALIEXPRESS;Menção;Ivete Sangalo;316130;
The Voice +;AMERICANAS;Ação;Thalita Rebouças e André Marques;44400;
The Voice +;AGIBANK;Ação;Thalita Rebouças e André Marques;83250;
The Voice +;AMERICANAS;Ação;Thalita Rebouças e André Marques;44400;
The Voice Kids;ACHEFARM;Ação;Márcio _ Thalita;36000;
The Voice Kids;UNIVERSAL PICTURES INTERNATION;Ação;Márcio _ Thalita;22200;
The Voice Kids;ACHEFARM;Ação;Márcio _ Thalita;33300;
The Voice Kids;ACHEFARM;Ação;Márcio _ Thalita;36000;
The Voice Kids;ACHEFARM;Ação;Márcio _ Thalita;33300;
The Voice Kids;FISK;Ação;Márcio _ 1 tecnico;16650;20000
The Voice Kids;SHOPEE;Ação;Márcio _ Thalita;66600;
The Voice Kids;ACHEFARM;Ação;Márcio _ Thalita;33300;
The Voice Kids;TANG;Ação;Márcio _ 1 tecnico;61050;60000
The Voice Kids;TANG;Ação;Márcio _ Thalita _ 1 técnico;66600;20000
The Voice Kids;OREO;Ação;Márcio _ convidado;77700;25000
TVZ;COCA COLA;Ação;Ferrugem e Lexa;6200;
TVZ;C E A;Ação;Ferrugem e Gil do Vigor;28860;
TVZ;HERSHEY S;Ação;Ferrugem;13550;
Um lugar ao sol;CAOA;Ação;Cauã Reymond_ Aline Moraes;31913;
Um lugar ao sol;CASAS BAHIA;Ação;Andreia Horta _ Aquecim. com Marieta Severo e Ju Colombo;46931;
Um lugar ao sol;CASAS BAHIA;Ação;Cauã Reymond_ Juan Paiva _ FUNCIONÁRIA RH (?);12488;
Um lugar ao sol;STONE;Ação;Marieta Severo_ Andreia Horta_ Danton Melo _ Aquecimento com Estela Freitas_ Ju Colombo _ PARTICIPAÇÃO;9713;
Um lugar ao sol;STONE;Ação;Andreia Horta_ Marieta Severo;8714;
Um lugar ao sol;STONE;Visualização;Andreia Horta_ Ju Colombo;7909;
